,Scoring,Start,Start_Frame,Stop,Stop_Frame,Subject,Behaviour,Value,Partner,Initiation,Termination,_event,_interaction_subject_id,_percentage_start,_percentage_stop,_scope,_scoring_id,_social,_subject_id,_type,_type_name,_value,_value_color,_variable_id
0,Goggle_MaP_Daytona_2022-01-18 18-04-09,516.1833333333333,30971,560.1166666666667,33607.0,Daytona,Manipulation check,Manipulation check transparent,,,,False,,0.47499348189500484,0.515421069582688,3,7550,0,2225,LOOPY_scoring_duration_nonsocial,Nonsocial Duration,14286,#7cf4a6,14270
1,Goggle_MaP_Daytona_2022-01-18 18-04-09,659.3666666666667,39562,705.3,42318.0,Daytona,Trial,1,,,,False,,0.6067512231032315,0.6490192169071975,3,7550,0,2225,LOOPY_scoring_duration_nonsocial,Nonsocial Duration,14288,#57ea8b,14271
2,Goggle_MaP_Daytona_2022-01-18 18-04-09,661.8166666666667,39709,663.0833333333334,39785.0,Daytona,Looking target,Duration looking opaque,,,,False,,0.6090057205956781,0.6101713111359907,3,7550,0,2225,LOOPY_scoring_duration_nonsocial,Nonsocial Duration,14273,#8673e2,14266
3,Goggle_MaP_Daytona_2022-01-18 18-04-09,661.9166666666666,39715,,,Daytona,First look,First look opaque,,,,True,,0.6090977409014923,0.6090977409014923,3,7550,0,2225,LOOPY_scoring_event_nonsocial,Nonsocial Event,14276,#f4f07c,14267
4,Goggle_MaP_Daytona_2022-01-18 18-04-09,663.7,39822,665.3333333333334,39920.0,Daytona,Looking target,Duration looking transparent,,,,False,,0.6107387696885113,0.6122417680168091,3,7550,0,2225,LOOPY_scoring_duration_nonsocial,Nonsocial Duration,14274,#4bc385,14266
5,Goggle_MaP_Daytona_2022-01-18 18-04-09,668.6833333333333,40121,670.2333333333333,40214.0,Daytona,Looking target,Duration looking opaque,,,,False,,0.6153244482615831,0.6167507630017024,3,7550,0,2225,LOOPY_scoring_duration_nonsocial,Nonsocial Duration,14273,#8673e2,14266
6,Goggle_MaP_Daytona_2022-01-18 18-04-09,678.25,40695,,,Daytona,First target choice,First choice transparent,,,,True,,0.62412772418447,0.62412772418447,3,7550,0,2225,LOOPY_scoring_event_nonsocial,Nonsocial Event,14283,#7cf49a,14269
7,Goggle_MaP_Daytona_2022-01-18 18-04-09,685.2333333333333,41114,,,Daytona,Inspection behind screen,Inspection behind opaque,,,,True,,0.6305538088738248,0.6305538088738248,3,7550,0,2225,LOOPY_scoring_event_nonsocial,Nonsocial Event,14279,#8673e2,14268
8,Goggle_MaP_Daytona_2022-01-18 18-04-09,699.8,41988,,,Daytona,Inspection behind screen,Inspection behind transparent,,,,True,,0.6439581000874193,0.6439581000874193,3,7550,0,2225,LOOPY_scoring_event_nonsocial,Nonsocial Event,14280,#4bc385,14268
9,Goggle_MaP_Daytona_2022-01-18 18-04-09,767.5,46050,813.5833333333334,48815.0,Daytona,Trial,2,,,,False,,0.7062558471235986,0.7486618713862859,3,7550,0,2225,LOOPY_scoring_duration_nonsocial,Nonsocial Duration,14289,#57ea8b,14271
10,Goggle_MaP_Daytona_2022-01-18 18-04-09,771.65,46299,773.3666666666667,46402.0,Daytona,Looking target,Duration looking opaque,,,,False,,0.7100746898148859,0.711654371731362,3,7550,0,2225,LOOPY_scoring_duration_nonsocial,Nonsocial Duration,14273,#8673e2,14266
11,Goggle_MaP_Daytona_2022-01-18 18-04-09,772.45,46347,,,Daytona,First look,First look opaque,,,,True,,0.7108108522613991,0.7108108522613991,3,7550,0,2225,LOOPY_scoring_event_nonsocial,Nonsocial Event,14276,#f4f07c,14267
12,Goggle_MaP_Daytona_2022-01-18 18-04-09,774.2833333333333,46457,776.35,46581.0,Daytona,Looking target,Duration looking transparent,,,,False,,0.7124978912013251,0.7143996441881508,3,7550,0,2225,LOOPY_scoring_duration_nonsocial,Nonsocial Duration,14274,#4bc385,14266
13,Goggle_MaP_Daytona_2022-01-18 18-04-09,778.1666666666666,46690,779.05,46743.0,Daytona,Looking target,Duration looking opaque,,,,False,,0.7160713464104412,0.7168841924451329,3,7550,0,2225,LOOPY_scoring_duration_nonsocial,Nonsocial Duration,14273,#8673e2,14266
14,Goggle_MaP_Daytona_2022-01-18 18-04-09,779.8833333333333,46793,780.5333333333333,46832.0,Daytona,Looking target,Duration looking transparent,,,,False,,0.7176510283269175,0.7182491603147094,3,7550,0,2225,LOOPY_scoring_duration_nonsocial,Nonsocial Duration,14274,#4bc385,14266
15,Goggle_MaP_Daytona_2022-01-18 18-04-09,780.95,46857,781.0833333333334,46865.0,Daytona,Looking target,Duration looking opaque,,,,False,,0.7186325782556018,0.7187552719966873,3,7550,0,2225,LOOPY_scoring_duration_nonsocial,Nonsocial Duration,14273,#8673e2,14266
16,Goggle_MaP_Daytona_2022-01-18 18-04-09,785.7166666666667,47143,,,Daytona,First target choice,First choice opaque,,,,True,,0.7230188794994096,0.7230188794994096,3,7550,0,2225,LOOPY_scoring_event_nonsocial,Nonsocial Event,14282,#e6802d,14269
17,Goggle_MaP_Daytona_2022-01-18 18-04-09,810.2,48612,,,Daytona,Inspection behind screen,Inspection behind opaque,,,,True,,0.7455485177062405,0.7455485177062405,3,7550,0,2225,LOOPY_scoring_event_nonsocial,Nonsocial Event,14279,#8673e2,14268
18,Goggle_MaP_Daytona_2022-01-18 18-04-09,870.7833333333333,52247,916.6166666666667,54997.0,Daytona,Trial,3,,,,False,,0.8012974863119795,0.8434734598101314,3,7550,0,2225,LOOPY_scoring_duration_nonsocial,Nonsocial Duration,14290,#57ea8b,14271
19,Goggle_MaP_Daytona_2022-01-18 18-04-09,875.4666666666667,52528,876.7,52602.0,Daytona,Looking target,Duration looking transparent,,,,False,,0.8056071039676088,0.80674202107265,3,7550,0,2225,LOOPY_scoring_duration_nonsocial,Nonsocial Duration,14274,#4bc385,14266
20,Goggle_MaP_Daytona_2022-01-18 18-04-09,875.8166666666667,52549,,,Daytona,First look,First look transparent,,,,True,,0.8059291750379584,0.8059291750379584,3,7550,0,2225,LOOPY_scoring_event_nonsocial,Nonsocial Event,14277,#4bc385,14267
21,Goggle_MaP_Daytona_2022-01-18 18-04-09,885.8666666666667,53152,886.1666666666666,53170.0,Daytona,Looking target,Duration looking transparent,,,,False,,0.8151772157722804,0.8154532766897229,3,7550,0,2225,LOOPY_scoring_duration_nonsocial,Nonsocial Duration,14274,#4bc385,14266
22,Goggle_MaP_Daytona_2022-01-18 18-04-09,887.6333333333333,53258,,,Daytona,First target choice,First choice opaque,,,,True,,0.8168029078416638,0.8168029078416638,3,7550,0,2225,LOOPY_scoring_event_nonsocial,Nonsocial Event,14282,#e6802d,14269
23,Goggle_MaP_Daytona_2022-01-18 18-04-09,967.65,58059,1037.6333333333334,62258.0,Daytona,Trial,4,,,,False,,0.8904344892106192,0.9548333665628882,3,7550,0,2225,LOOPY_scoring_duration_nonsocial,Nonsocial Duration,14291,#57ea8b,14271
24,Goggle_MaP_Daytona_2022-01-18 18-04-09,988.5833333333334,59315,989.4166666666666,59365.0,Daytona,Looking target,Duration looking opaque,,,,False,,0.9096974065610478,0.9104642424428324,3,7550,0,2225,LOOPY_scoring_duration_nonsocial,Nonsocial Duration,14273,#8673e2,14266
25,Goggle_MaP_Daytona_2022-01-18 18-04-09,993.3333333333334,59600,993.9166666666666,59635.0,Daytona,Looking target,Duration looking transparent,,,,False,,0.9140683710872199,0.9146051562044691,3,7550,0,2225,LOOPY_scoring_duration_nonsocial,Nonsocial Duration,14274,#4bc385,14266
26,Goggle_MaP_Daytona_2022-01-18 18-04-09,993.4833333333333,59609,,,Daytona,First look,First look transparent,,,,True,,0.9142064015459411,0.9142064015459411,3,7550,0,2225,LOOPY_scoring_event_nonsocial,Nonsocial Event,14277,#4bc385,14267
27,Goggle_MaP_Daytona_2022-01-18 18-04-09,1007.65,60459,,,Daytona,First target choice,First choice opaque,,,,True,,0.927242611536279,0.927242611536279,3,7550,0,2225,LOOPY_scoring_event_nonsocial,Nonsocial Event,14282,#e6802d,14269
28,goggle_MaP_Keres_2021-11-30 15-02-48,442.45,26547,453.53333333333336,27212.0,Keres,Manipulation check,Manipulation check transparent,,,,False,,0.4600786814786572,0.4716036117225005,3,7551,0,2226,LOOPY_scoring_duration_nonsocial,Nonsocial Duration,14286,#7cf4a6,14270
29,goggle_MaP_Keres_2021-11-30 15-02-48,622.2166666666667,37333,666.6166666666667,39997.0,Keres,Trial,1,,,,False,,0.6470078508171435,0.6931768946812014,3,7551,0,2226,LOOPY_scoring_duration_nonsocial,Nonsocial Duration,14288,#57ea8b,14271
30,goggle_MaP_Keres_2021-11-30 15-02-48,637.1833333333333,38231,637.5,38250.0,Keres,Looking target,Duration looking transparent,,,,False,,0.6625708393268748,0.6629001230481274,3,7551,0,2226,LOOPY_scoring_duration_nonsocial,Nonsocial Duration,14274,#4bc385,14266
31,goggle_MaP_Keres_2021-11-30 15-02-48,637.2166666666667,38233,,,Keres,First look,First look transparent,,,,True,,0.6626055007712172,0.6626055007712172,3,7551,0,2226,LOOPY_scoring_event_nonsocial,Nonsocial Event,14277,#4bc385,14267
32,goggle_MaP_Keres_2021-11-30 15-02-48,639.0333333333333,38342,,,Keres,First target choice,First choice transparent,,,,True,,0.6644945494878771,0.6644945494878771,3,7551,0,2226,LOOPY_scoring_event_nonsocial,Nonsocial Event,14283,#7cf49a,14269
33,goggle_MaP_Keres_2021-11-30 15-02-48,656.5333333333333,39392,,,Keres,Inspection behind screen,Inspection behind transparent,,,,True,,0.6826918077676297,0.6826918077676297,3,7551,0,2226,LOOPY_scoring_event_nonsocial,Nonsocial Event,14280,#4bc385,14268
34,goggle_MaP_Keres_2021-11-30 15-02-48,716.5833333333334,42995,760.8,45648.0,Keres,Trial,2,,,,False,,0.7451343997504376,0.7911128056706123,3,7551,0,2226,LOOPY_scoring_duration_nonsocial,Nonsocial Duration,14289,#57ea8b,14271
35,goggle_MaP_Keres_2021-11-30 15-02-48,731.25,43875,731.4833333333333,43889.0,Keres,Looking target,Duration looking transparent,,,,False,,0.7603854352610874,0.760628065371484,3,7551,0,2226,LOOPY_scoring_duration_nonsocial,Nonsocial Duration,14274,#4bc385,14266
36,goggle_MaP_Keres_2021-11-30 15-02-48,731.4,43884,,,Keres,First look,First look transparent,,,,True,,0.7605414117606281,0.7605414117606281,3,7551,0,2226,LOOPY_scoring_event_nonsocial,Nonsocial Event,14277,#4bc385,14267
37,goggle_MaP_Keres_2021-11-30 15-02-48,732.5166666666667,43951,,,Keres,First target choice,First choice transparent,,,,True,,0.761702570146098,0.761702570146098,3,7551,0,2226,LOOPY_scoring_event_nonsocial,Nonsocial Event,14283,#7cf49a,14269
38,goggle_MaP_Keres_2021-11-30 15-02-48,742.0166666666667,44521,,,Keres,Inspection behind screen,Inspection behind opaque,,,,True,,0.7715810817836779,0.7715810817836779,3,7551,0,2226,LOOPY_scoring_event_nonsocial,Nonsocial Event,14279,#8673e2,14268
39,goggle_MaP_Keres_2021-11-30 15-02-48,803.2666666666667,48196,847.6833333333333,50861.0,Keres,Trial,3,,,,False,,0.8352714857628117,0.8814578603490407,3,7551,0,2226,LOOPY_scoring_duration_nonsocial,Nonsocial Duration,14290,#57ea8b,14271
40,goggle_MaP_Keres_2021-11-30 15-02-48,817.85,49071,818.0833333333334,49085.0,Keres,Looking target,Duration looking transparent,,,,False,,0.8504358676626055,0.8506784977730022,3,7551,0,2226,LOOPY_scoring_duration_nonsocial,Nonsocial Duration,14274,#4bc385,14266
41,goggle_MaP_Keres_2021-11-30 15-02-48,817.8666666666667,49072,,,Keres,First look,First look transparent,,,,True,,0.8504531983847767,0.8504531983847767,3,7551,0,2226,LOOPY_scoring_event_nonsocial,Nonsocial Event,14277,#4bc385,14267
42,goggle_MaP_Keres_2021-11-30 15-02-48,818.95,49137,,,Keres,First target choice,First choice transparent,,,,True,,0.8515796953259043,0.8515796953259043,3,7551,0,2226,LOOPY_scoring_event_nonsocial,Nonsocial Event,14283,#7cf49a,14269
43,goggle_MaP_Keres_2021-11-30 15-02-48,892.2833333333333,53537,936.5833333333334,56195.0,Keres,Trial,4,,,,False,,0.9278348728791529,0.9738999324101836,3,7551,0,2226,LOOPY_scoring_duration_nonsocial,Nonsocial Duration,14291,#57ea8b,14271
44,goggle_MaP_Keres_2021-11-30 15-02-48,906.7666666666667,54406,,,Keres,First look,First look transparent,,,,True,,0.9428952704459195,0.9428952704459195,3,7551,0,2226,LOOPY_scoring_event_nonsocial,Nonsocial Event,14277,#4bc385,14267
45,goggle_MaP_Keres_2021-11-30 15-02-48,906.7666666666667,54406,907.15,54429.0,Keres,Looking target,Duration looking transparent,,,,False,,0.9428952704459195,0.9432938770558569,3,7551,0,2226,LOOPY_scoring_duration_nonsocial,Nonsocial Duration,14274,#4bc385,14266
46,goggle_MaP_Keres_2021-11-30 15-02-48,908.4666666666667,54508,,,Keres,First target choice,First choice transparent,,,,True,,0.9446630041073811,0.9446630041073811,3,7551,0,2226,LOOPY_scoring_event_nonsocial,Nonsocial Event,14283,#7cf49a,14269
47,goggle_MaP_Cully_2021-12-02 12-07-36,776.2666666666667,46576,776.7,46602.0,Cully,Manipulation check,Manipulation check opaque,,,,False,,0.4784337089500878,0.47870078376185143,3,7552,0,2227,LOOPY_scoring_duration_nonsocial,Nonsocial Duration,14285,#f379e0,14270
48,goggle_MaP_Cully_2021-12-02 12-07-36,1215.65,72939,1260.1333333333334,75608.0,Cully,Trial,1,,,,False,,0.749237295970252,0.7766535526086019,3,7552,0,2227,LOOPY_scoring_duration_nonsocial,Nonsocial Duration,14288,#57ea8b,14271
49,goggle_MaP_Cully_2021-12-02 12-07-36,1230.65,73839,1230.9,73854.0,Cully,Looking target,Duration looking transparent,,,,False,,0.758482193300531,0.7586362749227024,3,7552,0,2227,LOOPY_scoring_duration_nonsocial,Nonsocial Duration,14274,#4bc385,14266
50,goggle_MaP_Cully_2021-12-02 12-07-36,1230.7166666666667,73843,,,Cully,First look,First look transparent,,,,True,,0.7585232817331101,0.7585232817331101,3,7552,0,2227,LOOPY_scoring_event_nonsocial,Nonsocial Event,14277,#4bc385,14267
51,goggle_MaP_Cully_2021-12-02 12-07-36,1231.5666666666666,73894,,,Cully,First target choice,First choice transparent,,,,True,,0.7590471592484925,0.7590471592484925,3,7552,0,2227,LOOPY_scoring_event_nonsocial,Nonsocial Event,14283,#7cf49a,14269
52,goggle_MaP_Cully_2021-12-02 12-07-36,1234.6833333333334,74081,,,Cully,Inspection behind screen,Inspection behind opaque,,,,True,,0.7609680434715617,0.7609680434715617,3,7552,0,2227,LOOPY_scoring_event_nonsocial,Nonsocial Event,14279,#8673e2,14268
53,goggle_MaP_Cully_2021-12-02 12-07-36,1239.1166666666666,74347,,,Cully,Inspection behind screen,Inspection behind transparent,,,,True,,0.7637004242380664,0.7637004242380664,3,7552,0,2227,LOOPY_scoring_event_nonsocial,Nonsocial Event,14280,#4bc385,14268
54,goggle_MaP_Cully_2021-12-02 12-07-36,1326.05,79563,1370.3,82218.0,Cully,Trial,2,,,,False,,0.8172797403211061,0.8445521874454295,3,7552,0,2227,LOOPY_scoring_duration_nonsocial,Nonsocial Duration,14289,#57ea8b,14271
55,goggle_MaP_Cully_2021-12-02 12-07-36,1340.75,80445,1340.8333333333333,80450.0,Cully,Looking target,Duration looking transparent,,,,False,,0.8263397397047796,0.8263911002455033,3,7552,0,2227,LOOPY_scoring_duration_nonsocial,Nonsocial Duration,14274,#4bc385,14266
56,goggle_MaP_Cully_2021-12-02 12-07-36,1340.8,80448,,,Cully,First look,First look transparent,,,,True,,0.8263705560292138,0.8263705560292138,3,7552,0,2227,LOOPY_scoring_event_nonsocial,Nonsocial Event,14277,#4bc385,14267
57,goggle_MaP_Cully_2021-12-02 12-07-36,1341.8166666666666,80509,,,Cully,First target choice,First choice transparent,,,,True,,0.826997154626044,0.826997154626044,3,7552,0,2227,LOOPY_scoring_event_nonsocial,Nonsocial Event,14283,#7cf49a,14269
58,goggle_MaP_Cully_2021-12-02 12-07-36,1427.6,85656,1472.4666666666667,88348.0,Cully,Trial,3,,,,False,,0.8798676952470955,0.9075202103727747,3,7552,0,2227,LOOPY_scoring_duration_nonsocial,Nonsocial Duration,14290,#57ea8b,14271
59,goggle_MaP_Cully_2021-12-02 12-07-36,1442.75,86565,1442.9833333333333,86579.0,Cully,Looking target,Duration looking transparent,,,,False,,0.8892050415506775,0.889348851064704,3,7552,0,2227,LOOPY_scoring_duration_nonsocial,Nonsocial Duration,14274,#4bc385,14266
60,goggle_MaP_Cully_2021-12-02 12-07-36,1442.8166666666666,86569,,,Cully,First look,First look transparent,,,,True,,0.8892461299832565,0.8892461299832565,3,7552,0,2227,LOOPY_scoring_event_nonsocial,Nonsocial Event,14277,#4bc385,14267
61,goggle_MaP_Cully_2021-12-02 12-07-36,1443.7833333333333,86627,,,Cully,First target choice,First choice transparent,,,,True,,0.8898419122556522,0.8898419122556522,3,7552,0,2227,LOOPY_scoring_event_nonsocial,Nonsocial Event,14283,#7cf49a,14269
62,goggle_MaP_Cully_2021-12-02 12-07-36,1451.3333333333333,87080,,,Cully,Inspection behind screen,Inspection behind transparent,,,,True,,0.8944951772452261,0.8944951772452261,3,7552,0,2227,LOOPY_scoring_event_nonsocial,Nonsocial Event,14280,#4bc385,14268
63,goggle_MaP_Cully_2021-12-02 12-07-36,1520.5333333333333,91232,1565.2166666666667,93913.0,Cully,Trial,4,,,,False,,0.937144970262247,0.9646844921983339,3,7552,0,2227,LOOPY_scoring_duration_nonsocial,Nonsocial Duration,14291,#57ea8b,14271
64,goggle_MaP_Cully_2021-12-02 12-07-36,1535.4166666666667,92125,1535.4333333333334,92126.0,Cully,Looking target,Duration looking transparent,,,,False,,0.9463179628355127,0.9463282349436575,3,7552,0,2227,LOOPY_scoring_duration_nonsocial,Nonsocial Duration,14274,#4bc385,14266
65,goggle_MaP_Cully_2021-12-02 12-07-36,1535.4666666666667,92128,,,Cully,First look,First look transparent,,,,True,,0.946348779159947,0.946348779159947,3,7552,0,2227,LOOPY_scoring_event_nonsocial,Nonsocial Event,14277,#4bc385,14267
66,goggle_MaP_Cully_2021-12-02 12-07-36,1536.5666666666666,92194,,,Cully,First target choice,First choice transparent,,,,True,,0.9470267382975008,0.9470267382975008,3,7552,0,2227,LOOPY_scoring_event_nonsocial,Nonsocial Event,14283,#7cf49a,14269
67,goggle_MaP_Cully_2021-12-02 12-07-36,1542.3,92538,,,Cully,Inspection behind screen,Inspection behind transparent,,,,True,,0.9505603434992964,0.9505603434992964,3,7552,0,2227,LOOPY_scoring_event_nonsocial,Nonsocial Event,14280,#4bc385,14268
68,goggle_MaP_Leia_2021-11-29 12-48-20,478.1,28686,485.96666666666664,29158.0,Leia,Manipulation check,Manipulation check transparent,,,,False,,0.4952094878036149,0.5033576743142231,3,7554,0,2228,LOOPY_scoring_duration_nonsocial,Nonsocial Duration,14286,#7cf4a6,14270
69,goggle_MaP_Leia_2021-11-29 12-48-20,486.6166666666667,29197,493.43333333333334,29606.0,Leia,Manipulation check,Manipulation check transparent,,,,False,,0.5040309354877691,0.5110915462564952,3,7554,0,2228,LOOPY_scoring_duration_nonsocial,Nonsocial Duration,14286,#7cf4a6,14270
70,goggle_MaP_Leia_2021-11-29 12-48-20,493.8666666666667,29632,494.46666666666664,29668.0,Leia,Manipulation check,Manipulation check transparent,,,,False,,0.5115403870388593,0.5121618588913632,3,7554,0,2228,LOOPY_scoring_duration_nonsocial,Nonsocial Duration,14286,#7cf4a6,14270
71,goggle_MaP_Leia_2021-11-29 12-48-20,496.78333333333336,29807,506.1,30366.0,Leia,Manipulation check,Manipulation check transparent,,,,False,,0.5145614307663093,0.5242115075871355,3,7554,0,2228,LOOPY_scoring_duration_nonsocial,Nonsocial Duration,14286,#7cf4a6,14270
72,goggle_MaP_Leia_2021-11-29 12-48-20,510.71666666666664,30643,524.2166666666667,31453.0,Leia,Manipulation check,Manipulation check transparent,,,,False,,0.5289933882300136,0.542976504911354,3,7554,0,2228,LOOPY_scoring_duration_nonsocial,Nonsocial Duration,14286,#7cf4a6,14270
73,goggle_MaP_Leia_2021-11-29 12-48-20,524.7,31482,544.7666666666667,32686.0,Leia,Manipulation check,Manipulation check transparent,,,,False,,0.5434771350147599,0.5642619158596164,3,7554,0,2228,LOOPY_scoring_duration_nonsocial,Nonsocial Duration,14286,#7cf4a6,14270
74,goggle_MaP_Leia_2021-11-29 12-48-20,550.85,33051,551.3833333333333,33083.0,Leia,Manipulation check,Manipulation check transparent,,,,False,,0.5705629499197266,0.5711153693441746,3,7554,0,2228,LOOPY_scoring_duration_nonsocial,Nonsocial Duration,14286,#7cf4a6,14270
75,goggle_MaP_Leia_2021-11-29 12-48-20,554.5666666666667,33274,558.5333333333333,33512.0,Leia,Manipulation check,Manipulation check transparent,,,,False,,0.5744126227838486,0.5785212422531807,3,7554,0,2228,LOOPY_scoring_duration_nonsocial,Nonsocial Duration,14286,#7cf4a6,14270
76,goggle_MaP_Leia_2021-11-29 12-48-20,559.25,33555,563.4666666666667,33808.0,Leia,Manipulation check,Manipulation check transparent,,,,False,,0.5792635558547827,0.5836311219293249,3,7554,0,2228,LOOPY_scoring_duration_nonsocial,Nonsocial Duration,14286,#7cf4a6,14270
77,goggle_MaP_Leia_2021-11-29 12-48-20,610.9666666666667,36658,660.0,39600.0,Leia,Trial,1,,,,False,,0.632830976919226,0.683619037754415,3,7554,0,2228,LOOPY_scoring_duration_nonsocial,Nonsocial Duration,14288,#57ea8b,14271
78,goggle_MaP_Leia_2021-11-29 12-48-20,618.3,37098,,,Leia,First look,First look transparent,,,,True,,0.6404267440053861,0.6404267440053861,3,7554,0,2228,LOOPY_scoring_event_nonsocial,Nonsocial Event,14277,#4bc385,14267
79,goggle_MaP_Leia_2021-11-29 12-48-20,618.35,37101,620.0833333333334,37205.0,Leia,Looking target,Duration looking transparent,,,,False,,0.6404785333264281,0.6422738964558842,3,7554,0,2228,LOOPY_scoring_duration_nonsocial,Nonsocial Duration,14274,#4bc385,14266
80,goggle_MaP_Leia_2021-11-29 12-48-20,620.1333333333333,37208,622.9,37374.0,Leia,Looking target,Duration looking opaque,,,,False,,0.6423256857769262,0.6451913615412502,3,7554,0,2228,LOOPY_scoring_duration_nonsocial,Nonsocial Duration,14273,#8673e2,14266
81,goggle_MaP_Leia_2021-11-29 12-48-20,623.4666666666667,37408,625.5666666666667,37534.0,Leia,Looking target,Duration looking transparent,,,,False,,0.6457783071797262,0.6479534586634903,3,7554,0,2228,LOOPY_scoring_duration_nonsocial,Nonsocial Duration,14274,#4bc385,14266
82,goggle_MaP_Leia_2021-11-29 12-48-20,626.7,37602,629.1166666666667,37747.0,Leia,Looking target,Duration looking opaque,,,,False,,0.6491273499404423,0.6516305004574723,3,7554,0,2228,LOOPY_scoring_duration_nonsocial,Nonsocial Duration,14273,#8673e2,14266
83,goggle_MaP_Leia_2021-11-29 12-48-20,630.8166666666667,37849,630.95,37857.0,Leia,Looking target,Duration looking opaque,,,,False,,0.6533913373729003,0.6535294422290123,3,7554,0,2228,LOOPY_scoring_duration_nonsocial,Nonsocial Duration,14273,#8673e2,14266
84,goggle_MaP_Leia_2021-11-29 12-48-20,632.3333333333334,37940,,,Leia,First target choice,First choice opaque,,,,True,,0.6549622801111744,0.6549622801111744,3,7554,0,2228,LOOPY_scoring_event_nonsocial,Nonsocial Event,14282,#e6802d,14269
85,goggle_MaP_Leia_2021-11-29 12-48-20,651.7666666666667,39106,,,Leia,Inspection behind screen,Inspection behind transparent,,,,True,,0.6750910628894988,0.6750910628894988,3,7554,0,2228,LOOPY_scoring_event_nonsocial,Nonsocial Event,14280,#4bc385,14268
86,goggle_MaP_Leia_2021-11-29 12-48-20,713.8666666666667,42832,758.6833333333333,45521.0,Leia,Trial,2,,,,False,,0.7394133996236643,0.7858338943843113,3,7554,0,2228,LOOPY_scoring_duration_nonsocial,Nonsocial Duration,14289,#57ea8b,14271
87,goggle_MaP_Leia_2021-11-29 12-48-20,716.8333333333334,43010,,,Leia,First look,First look transparent,,,,True,,0.7424862326721563,0.7424862326721563,3,7554,0,2228,LOOPY_scoring_event_nonsocial,Nonsocial Event,14277,#4bc385,14267
88,goggle_MaP_Leia_2021-11-29 12-48-20,716.8333333333334,43010,717.8333333333334,43070.0,Leia,Looking target,Duration looking transparent,,,,False,,0.7424862326721563,0.7435220190929963,3,7554,0,2228,LOOPY_scoring_duration_nonsocial,Nonsocial Duration,14274,#4bc385,14266
89,goggle_MaP_Leia_2021-11-29 12-48-20,718.2333333333333,43094,721.5666666666667,43294.0,Leia,Looking target,Duration looking opaque,,,,False,,0.7439363336613324,0.7473889550641324,3,7554,0,2228,LOOPY_scoring_duration_nonsocial,Nonsocial Duration,14273,#8673e2,14266
90,goggle_MaP_Leia_2021-11-29 12-48-20,721.9,43314,727.2,43632.0,Leia,Looking target,Duration looking transparent,,,,False,,0.7477342172044125,0.7532238852348646,3,7554,0,2228,LOOPY_scoring_duration_nonsocial,Nonsocial Duration,14274,#4bc385,14266
91,goggle_MaP_Leia_2021-11-29 12-48-20,728.3,43698,728.4833333333333,43709.0,Leia,Looking target,Duration looking opaque,,,,False,,0.7543632502977886,0.7545531444749426,3,7554,0,2228,LOOPY_scoring_duration_nonsocial,Nonsocial Duration,14273,#8673e2,14266
92,goggle_MaP_Leia_2021-11-29 12-48-20,729.8,43788,,,Leia,First target choice,First choice opaque,,,,True,,0.7559169299290486,0.7559169299290486,3,7554,0,2228,LOOPY_scoring_event_nonsocial,Nonsocial Event,14282,#e6802d,14269
93,goggle_MaP_Leia_2021-11-29 12-48-20,749.1666666666666,44950,,,Leia,Inspection behind screen,Inspection behind transparent,,,,True,,0.7759766602793171,0.7759766602793171,3,7554,0,2228,LOOPY_scoring_event_nonsocial,Nonsocial Event,14280,#4bc385,14268
94,goggle_MaP_Leia_2021-11-29 12-48-20,808.5333333333333,48512,853.35,51201.0,Leia,Trial,3,,,,False,,0.8374678474631865,0.8838883422238335,3,7554,0,2228,LOOPY_scoring_duration_nonsocial,Nonsocial Duration,14290,#57ea8b,14271
95,goggle_MaP_Leia_2021-11-29 12-48-20,812.2833333333333,48737,818.7833333333333,49127.0,Leia,Looking target,Duration looking transparent,,,,False,,0.8413520465413366,0.8480846582767967,3,7554,0,2228,LOOPY_scoring_duration_nonsocial,Nonsocial Duration,14274,#4bc385,14266
96,goggle_MaP_Leia_2021-11-29 12-48-20,812.3,48738,,,Leia,First look,First look transparent,,,,True,,0.8413693096483505,0.8413693096483505,3,7554,0,2228,LOOPY_scoring_event_nonsocial,Nonsocial Event,14277,#4bc385,14267
97,goggle_MaP_Leia_2021-11-29 12-48-20,819.4666666666667,49168,820.65,49239.0,Leia,Looking target,Duration looking opaque,,,,False,,0.8487924456643706,0.8500181262623647,3,7554,0,2228,LOOPY_scoring_duration_nonsocial,Nonsocial Duration,14273,#8673e2,14266
98,goggle_MaP_Leia_2021-11-29 12-48-20,821.4333333333333,49286,821.9166666666666,49315.0,Leia,Looking target,Duration looking opaque,,,,False,,0.8508294922920228,0.8513301223954287,3,7554,0,2228,LOOPY_scoring_duration_nonsocial,Nonsocial Duration,14273,#8673e2,14266
99,goggle_MaP_Leia_2021-11-29 12-48-20,823.5666666666667,49414,823.95,49437.0,Leia,Looking target,Duration looking transparent,,,,False,,0.8530391699898148,0.8534362214511367,3,7554,0,2228,LOOPY_scoring_duration_nonsocial,Nonsocial Duration,14274,#4bc385,14266
100,goggle_MaP_Leia_2021-11-29 12-48-20,825.4,49524,,,Leia,First target choice,First choice transparent,,,,True,,0.8549381117613548,0.8549381117613548,3,7554,0,2228,LOOPY_scoring_event_nonsocial,Nonsocial Event,14283,#7cf49a,14269
101,goggle_MaP_Leia_2021-11-29 12-48-20,849.0666666666667,50944,,,Leia,Inspection behind screen,Inspection behind opaque,,,,True,,0.8794517237212354,0.8794517237212354,3,7554,0,2228,LOOPY_scoring_event_nonsocial,Nonsocial Event,14279,#8673e2,14268
102,goggle_MaP_Leia_2021-11-29 12-48-20,902.7333333333333,54164,946.1,56766.0,Leia,Trial,4,,,,False,,0.9350389283063165,0.9799575327567456,3,7554,0,2228,LOOPY_scoring_duration_nonsocial,Nonsocial Duration,14291,#57ea8b,14271
103,goggle_MaP_Leia_2021-11-29 12-48-20,908.55,54513,911.5333333333333,54692.0,Leia,Looking target,Duration looking opaque,,,,False,,0.9410637526542027,0.9441538488097088,3,7554,0,2228,LOOPY_scoring_duration_nonsocial,Nonsocial Duration,14273,#8673e2,14266
104,goggle_MaP_Leia_2021-11-29 12-48-20,908.7166666666667,54523,,,Leia,First look,First look opaque,,,,True,,0.9412363837243427,0.9412363837243427,3,7554,0,2228,LOOPY_scoring_event_nonsocial,Nonsocial Event,14276,#f4f07c,14267
105,goggle_MaP_Leia_2021-11-29 12-48-20,912.25,54735,915.1166666666667,54907.0,Leia,Looking target,Duration looking transparent,,,,False,,0.9448961624113108,0.9478654168177189,3,7554,0,2228,LOOPY_scoring_duration_nonsocial,Nonsocial Duration,14274,#4bc385,14266
106,goggle_MaP_Leia_2021-11-29 12-48-20,916.7833333333333,55007,917.1833333333333,55031.0,Leia,Looking target,Duration looking opaque,,,,False,,0.9495917275191189,0.9500060420874549,3,7554,0,2228,LOOPY_scoring_duration_nonsocial,Nonsocial Duration,14273,#8673e2,14266
107,goggle_MaP_Leia_2021-11-29 12-48-20,919.6666666666666,55180,,,Leia,First target choice,First choice opaque,,,,True,,0.952578245032541,0.952578245032541,3,7554,0,2228,LOOPY_scoring_event_nonsocial,Nonsocial Event,14282,#e6802d,14269
108,goggle_MaP_Jasper_2021-11-24 15-32-19,488.35,29301,491.4166666666667,29485.0,Jasper,Manipulation check,Manipulation check opaque,,,,False,,0.4874968804591964,0.49055818983445637,3,7555,0,2229,LOOPY_scoring_duration_nonsocial,Nonsocial Duration,14285,#f379e0,14270
109,goggle_MaP_Jasper_2021-11-24 15-32-19,498.1666666666667,29890,505.1,30306.0,Jasper,Manipulation check,Manipulation check transparent,,,,False,,0.4972963979702188,0.5042176191664587,3,7555,0,2229,LOOPY_scoring_duration_nonsocial,Nonsocial Duration,14286,#7cf4a6,14270
110,goggle_MaP_Jasper_2021-11-24 15-32-19,508.3833333333333,30503,508.96666666666664,30538.0,Jasper,Manipulation check,Manipulation check opaque,,,,False,,0.5074952167041011,0.5080775309874387,3,7555,0,2229,LOOPY_scoring_duration_nonsocial,Nonsocial Duration,14285,#f379e0,14270
111,goggle_MaP_Jasper_2021-11-24 15-32-19,513.75,30825,557.0666666666667,33424.0,Jasper,Manipulation check,Manipulation check transparent,,,,False,,0.5128525081108061,0.5560935030363531,3,7555,0,2229,LOOPY_scoring_duration_nonsocial,Nonsocial Duration,14286,#7cf4a6,14270
112,goggle_MaP_Jasper_2021-11-24 15-32-19,570.75,34245,574.3833333333333,34463.0,Jasper,Manipulation check,Manipulation check transparent,,,,False,,0.5697529323683553,0.5733799184760003,3,7555,0,2229,LOOPY_scoring_duration_nonsocial,Nonsocial Duration,14286,#7cf4a6,14270
113,goggle_MaP_Jasper_2021-11-24 15-32-19,646.25,38775,692.2666666666667,41536.0,Jasper,Trial,1,,,,False,,0.6451210381831795,0.6910573163630314,3,7555,0,2229,LOOPY_scoring_duration_nonsocial,Nonsocial Duration,14288,#57ea8b,14271
114,goggle_MaP_Jasper_2021-11-24 15-32-19,649.1333333333333,38948,650.1833333333333,39011.0,Jasper,Looking target,Duration looking opaque,,,,False,,0.6479993344979619,0.6490475002079694,3,7555,0,2229,LOOPY_scoring_duration_nonsocial,Nonsocial Duration,14273,#8673e2,14266
115,goggle_MaP_Jasper_2021-11-24 15-32-19,649.2166666666667,38953,,,Jasper,First look,First look opaque,,,,True,,0.6480825222527244,0.6480825222527244,3,7555,0,2229,LOOPY_scoring_event_nonsocial,Nonsocial Event,14276,#f4f07c,14267
116,goggle_MaP_Jasper_2021-11-24 15-32-19,654.1333333333333,39248,654.9833333333333,39299.0,Jasper,Looking target,Duration looking opaque,,,,False,,0.6529905997837119,0.6538391148822893,3,7555,0,2229,LOOPY_scoring_duration_nonsocial,Nonsocial Duration,14273,#8673e2,14266
117,goggle_MaP_Jasper_2021-11-24 15-32-19,655.3333333333334,39320,658.7,39522.0,Jasper,Looking target,Duration looking transparent,,,,False,,0.6541885034522918,0.6575492887446968,3,7555,0,2229,LOOPY_scoring_duration_nonsocial,Nonsocial Duration,14274,#4bc385,14266
118,goggle_MaP_Jasper_2021-11-24 15-32-19,661.7666666666667,39706,661.9166666666666,39715.0,Jasper,Looking target,Duration looking opaque,,,,False,,0.6606105981199567,0.6607603360785292,3,7555,0,2229,LOOPY_scoring_duration_nonsocial,Nonsocial Duration,14273,#8673e2,14266
119,goggle_MaP_Jasper_2021-11-24 15-32-19,662.9166666666666,39775,,,Jasper,First target choice,First choice opaque,,,,True,,0.6617585891356792,0.6617585891356792,3,7555,0,2229,LOOPY_scoring_event_nonsocial,Nonsocial Event,14282,#e6802d,14269
120,goggle_MaP_Jasper_2021-11-24 15-32-19,665.1833333333333,39911,,,Jasper,Inspection behind screen,Inspection behind transparent,,,,True,,0.6640212960652192,0.6640212960652192,3,7555,0,2229,LOOPY_scoring_event_nonsocial,Nonsocial Event,14280,#4bc385,14268
121,goggle_MaP_Jasper_2021-11-24 15-32-19,667.0833333333334,40025,,,Jasper,Inspection behind screen,Inspection behind opaque,,,,True,,0.6659179768738042,0.6659179768738042,3,7555,0,2229,LOOPY_scoring_event_nonsocial,Nonsocial Event,14279,#8673e2,14268
122,goggle_MaP_Jasper_2021-11-24 15-32-19,751.6666666666666,45100,796.35,47781.0,Jasper,Trial,2,,,,False,,0.7503535479577407,0.7949588220613926,3,7555,0,2229,LOOPY_scoring_duration_nonsocial,Nonsocial Duration,14289,#57ea8b,14271
123,goggle_MaP_Jasper_2021-11-24 15-32-19,752.2666666666667,45136,752.7833333333333,45167.0,Jasper,Looking target,Duration looking transparent,,,,False,,0.7509524997920306,0.7514682638715581,3,7555,0,2229,LOOPY_scoring_duration_nonsocial,Nonsocial Duration,14274,#4bc385,14266
124,goggle_MaP_Jasper_2021-11-24 15-32-19,752.4,45144,,,Jasper,First look,First look transparent,,,,True,,0.7510856001996506,0.7510856001996506,3,7555,0,2229,LOOPY_scoring_event_nonsocial,Nonsocial Event,14277,#4bc385,14267
125,goggle_MaP_Jasper_2021-11-24 15-32-19,763.8833333333333,45833,765.15,45909.0,Jasper,Looking target,Duration looking opaque,,,,False,,0.762548872805923,0.7638133266783129,3,7555,0,2229,LOOPY_scoring_duration_nonsocial,Nonsocial Duration,14273,#8673e2,14266
126,goggle_MaP_Jasper_2021-11-24 15-32-19,766.4166666666666,45985,766.5833333333334,45995.0,Jasper,Looking target,Duration looking transparent,,,,False,,0.765077780550703,0.7652441560602279,3,7555,0,2229,LOOPY_scoring_duration_nonsocial,Nonsocial Duration,14274,#4bc385,14266
127,goggle_MaP_Jasper_2021-11-24 15-32-19,767.85,46071,,,Jasper,First target choice,First choice transparent,,,,True,,0.7665086099326179,0.7665086099326179,3,7555,0,2229,LOOPY_scoring_event_nonsocial,Nonsocial Event,14283,#7cf49a,14269
128,goggle_MaP_Jasper_2021-11-24 15-32-19,773.75,46425,,,Jasper,Inspection behind screen,Inspection behind transparent,,,,True,,0.7723983029698028,0.7723983029698028,3,7555,0,2229,LOOPY_scoring_event_nonsocial,Nonsocial Event,14280,#4bc385,14268
129,goggle_MaP_Jasper_2021-11-24 15-32-19,840.4166666666666,50425,885.2166666666667,53113.0,Jasper,Trial,3,,,,False,,0.838948506779802,0.8836702437401215,3,7555,0,2229,LOOPY_scoring_duration_nonsocial,Nonsocial Duration,14290,#57ea8b,14271
130,goggle_MaP_Jasper_2021-11-24 15-32-19,841.8666666666667,50512,,,Jasper,First look,First look opaque,,,,True,,0.8403959737126695,0.8403959737126695,3,7555,0,2229,LOOPY_scoring_event_nonsocial,Nonsocial Event,14276,#f4f07c,14267
131,goggle_MaP_Jasper_2021-11-24 15-32-19,841.8666666666667,50512,842.5666666666667,50554.0,Jasper,Looking target,Duration looking opaque,,,,False,,0.8403959737126695,0.8410947508526745,3,7555,0,2229,LOOPY_scoring_duration_nonsocial,Nonsocial Duration,14273,#8673e2,14266
132,goggle_MaP_Jasper_2021-11-24 15-32-19,848.6333333333333,50918,850.85,51051.0,Jasper,Looking target,Duration looking opaque,,,,False,,0.8471508193993844,0.8493636136760668,3,7555,0,2229,LOOPY_scoring_duration_nonsocial,Nonsocial Duration,14273,#8673e2,14266
133,goggle_MaP_Jasper_2021-11-24 15-32-19,856.5,51390,,,Jasper,First target choice,First choice opaque,,,,True,,0.8550037434489643,0.8550037434489643,3,7555,0,2229,LOOPY_scoring_event_nonsocial,Nonsocial Event,14282,#e6802d,14269
134,goggle_MaP_Jasper_2021-11-24 15-32-19,861.5166666666667,51691,,,Jasper,Inspection behind screen,Inspection behind transparent,,,,True,,0.8600116462856667,0.8600116462856667,3,7555,0,2229,LOOPY_scoring_event_nonsocial,Nonsocial Event,14280,#4bc385,14268
135,goggle_MaP_Jasper_2021-11-24 15-32-19,930.7166666666667,55843,975.4833333333333,58529.0,Jasper,Trial,4,,,,False,,0.9290907578404459,0.9737792196988603,3,7555,0,2229,LOOPY_scoring_duration_nonsocial,Nonsocial Duration,14291,#57ea8b,14271
136,goggle_MaP_Jasper_2021-11-24 15-32-19,943.0666666666667,56584,,,Jasper,First look,First look transparent,,,,True,,0.9414191830962483,0.9414191830962483,3,7555,0,2229,LOOPY_scoring_event_nonsocial,Nonsocial Event,14277,#4bc385,14267
137,goggle_MaP_Jasper_2021-11-24 15-32-19,943.0666666666667,56584,943.9,56634.0,Jasper,Looking target,Duration looking transparent,,,,False,,0.9414191830962483,0.9422510606438732,3,7555,0,2229,LOOPY_scoring_duration_nonsocial,Nonsocial Duration,14274,#4bc385,14266
138,goggle_MaP_Jasper_2021-11-24 15-32-19,945.5166666666667,56731,945.7,56742.0,Jasper,Looking target,Duration looking opaque,,,,False,,0.9438649030862657,0.9440479161467432,3,7555,0,2229,LOOPY_scoring_duration_nonsocial,Nonsocial Duration,14273,#8673e2,14266
139,goggle_MaP_Jasper_2021-11-24 15-32-19,946.2333333333333,56774,,,Jasper,First target choice,First choice opaque,,,,True,,0.9445803177772232,0.9445803177772232,3,7555,0,2229,LOOPY_scoring_event_nonsocial,Nonsocial Event,14282,#e6802d,14269
140,goggle_MaP_Jasper_2021-11-24 15-32-19,960.4,57624,,,Jasper,Inspection behind screen,Inspection behind transparent,,,,True,,0.958722236086848,0.958722236086848,3,7555,0,2229,LOOPY_scoring_event_nonsocial,Nonsocial Event,14280,#4bc385,14268
141,gogge_MaP_Stella4_2021-11-23 09-58-18,465.26666666666665,27916,517.0166666666667,31021.0,Stella4,Manipulation check,Manipulation check transparent,,,,False,,0.42870525362040635,0.4763886542684706,3,7556,0,2230,LOOPY_scoring_duration_nonsocial,Nonsocial Duration,14286,#7cf4a6,14270
142,gogge_MaP_Stella4_2021-11-23 09-58-18,672.0,40320,717.9,43074.0,Stella4,Trial,1,,,,False,,0.6191931446473271,0.6614862478308275,3,7556,0,2230,LOOPY_scoring_duration_nonsocial,Nonsocial Duration,14288,#57ea8b,14271
143,gogge_MaP_Stella4_2021-11-23 09-58-18,677.35,40641,678.2833333333333,40697.0,Stella4,Looking target,Duration looking opaque,,,,False,,0.6241227329268855,0.6249827234055623,3,7556,0,2230,LOOPY_scoring_duration_nonsocial,Nonsocial Duration,14273,#8673e2,14266
144,gogge_MaP_Stella4_2021-11-23 09-58-18,677.4833333333333,40649,,,Stella4,First look,First look opaque,,,,True,,0.6242455887095536,0.6242455887095536,3,7556,0,2230,LOOPY_scoring_event_nonsocial,Nonsocial Event,14276,#f4f07c,14267
145,gogge_MaP_Stella4_2021-11-23 09-58-18,679.0166666666667,40741,679.6333333333333,40778.0,Stella4,Looking target,Duration looking transparent,,,,False,,0.6256584302102369,0.6262266382050771,3,7556,0,2230,LOOPY_scoring_duration_nonsocial,Nonsocial Duration,14274,#4bc385,14266
146,gogge_MaP_Stella4_2021-11-23 09-58-18,680.9,40854,682.2833333333333,40937.0,Stella4,Looking target,Duration looking opaque,,,,False,,0.6273937681404241,0.6286683968856059,3,7556,0,2230,LOOPY_scoring_duration_nonsocial,Nonsocial Duration,14273,#8673e2,14266
147,gogge_MaP_Stella4_2021-11-23 09-58-18,682.7666666666667,40966,684.8,41088.0,Stella4,Looking target,Duration looking transparent,,,,False,,0.6291137490977778,0.6309872997834667,3,7556,0,2230,LOOPY_scoring_duration_nonsocial,Nonsocial Duration,14274,#4bc385,14266
148,gogge_MaP_Stella4_2021-11-23 09-58-18,685.2666666666667,41116,686.8333333333334,41210.0,Stella4,Looking target,Duration looking transparent,,,,False,,0.6314172950228051,0.6328608504691555,3,7556,0,2230,LOOPY_scoring_duration_nonsocial,Nonsocial Duration,14274,#4bc385,14266
149,gogge_MaP_Stella4_2021-11-23 09-58-18,688.1833333333333,41291,689.0,41340.0,Stella4,Looking target,Duration looking opaque,,,,False,,0.6341047652686702,0.6348572569375125,3,7556,0,2230,LOOPY_scoring_duration_nonsocial,Nonsocial Duration,14273,#8673e2,14266
150,gogge_MaP_Stella4_2021-11-23 09-58-18,690.15,41409,,,Stella4,First target choice,First choice transparent,,,,True,,0.635916888063025,0.635916888063025,3,7556,0,2230,LOOPY_scoring_event_nonsocial,Nonsocial Event,14283,#7cf49a,14269
151,gogge_MaP_Stella4_2021-11-23 09-58-18,711.8333333333334,42710,,,Stella4,Inspection behind screen,Inspection behind transparent,,,,True,,0.6558963097194281,0.6558963097194281,3,7556,0,2230,LOOPY_scoring_event_nonsocial,Nonsocial Event,14280,#4bc385,14268
152,gogge_MaP_Stella4_2021-11-23 09-58-18,805.6166666666667,48337,852.2833333333333,51137.0,Stella4,Trial,2,,,,False,,0.7423099958536173,0.7853095197874594,3,7556,0,2230,LOOPY_scoring_duration_nonsocial,Nonsocial Duration,14289,#57ea8b,14271
153,gogge_MaP_Stella4_2021-11-23 09-58-18,809.9166666666666,48595,811.25,48675.0,Stella4,Looking target,Duration looking transparent,,,,False,,0.7462720948446642,0.7475006526713455,3,7556,0,2230,LOOPY_scoring_duration_nonsocial,Nonsocial Duration,14274,#4bc385,14266
154,gogge_MaP_Stella4_2021-11-23 09-58-18,809.9333333333333,48596,,,Stella4,First look,First look transparent,,,,True,,0.7462874518174978,0.7462874518174978,3,7556,0,2230,LOOPY_scoring_event_nonsocial,Nonsocial Event,14277,#4bc385,14267
155,gogge_MaP_Stella4_2021-11-23 09-58-18,814.5333333333333,48872,814.6666666666666,48880.0,Stella4,Looking target,Duration looking transparent,,,,False,,0.7505259763195479,0.750648832102216,3,7556,0,2230,LOOPY_scoring_duration_nonsocial,Nonsocial Duration,14274,#4bc385,14266
156,gogge_MaP_Stella4_2021-11-23 09-58-18,816.5333333333333,48992,819.6833333333333,49181.0,Stella4,Looking target,Duration looking transparent,,,,False,,0.7523688130595697,0.7552712809251041,3,7556,0,2230,LOOPY_scoring_duration_nonsocial,Nonsocial Duration,14274,#4bc385,14266
157,gogge_MaP_Stella4_2021-11-23 09-58-18,821.4,49284,821.5666666666667,49294.0,Stella4,Looking target,Duration looking transparent,,,,False,,0.7568530491269561,0.7570066188552912,3,7556,0,2230,LOOPY_scoring_duration_nonsocial,Nonsocial Duration,14274,#4bc385,14266
158,gogge_MaP_Stella4_2021-11-23 09-58-18,822.7666666666667,49366,,,Stella4,First target choice,First choice transparent,,,,True,,0.7581123208993044,0.7581123208993044,3,7556,0,2230,LOOPY_scoring_event_nonsocial,Nonsocial Event,14283,#7cf49a,14269
159,gogge_MaP_Stella4_2021-11-23 09-58-18,824.7833333333333,49487,,,Stella4,Inspection behind screen,Inspection behind opaque,,,,True,,0.7599705146121597,0.7599705146121597,3,7556,0,2230,LOOPY_scoring_event_nonsocial,Nonsocial Event,14279,#8673e2,14268
160,gogge_MaP_Stella4_2021-11-23 09-58-18,831.0166666666667,49861,,,Stella4,Inspection behind screen,Inspection behind transparent,,,,True,,0.7657140224518942,0.7657140224518942,3,7556,0,2230,LOOPY_scoring_event_nonsocial,Nonsocial Event,14280,#4bc385,14268
161,gogge_MaP_Stella4_2021-11-23 09-58-18,911.6,54696,956.5833333333334,57395.0,Stella4,Trial,3,,,,False,,0.8399649861019396,0.8814134557795967,3,7556,0,2230,LOOPY_scoring_duration_nonsocial,Nonsocial Duration,14290,#57ea8b,14271
162,gogge_MaP_Stella4_2021-11-23 09-58-18,912.9666666666667,54778,,,Stella4,First look,First look opaque,,,,True,,0.8412242578742878,0.8412242578742878,3,7556,0,2230,LOOPY_scoring_event_nonsocial,Nonsocial Event,14276,#f4f07c,14267
163,gogge_MaP_Stella4_2021-11-23 09-58-18,913.0,54780,913.8333333333334,54830.0,Stella4,Looking target,Duration looking opaque,,,,False,,0.8412549718199549,0.8420228204616306,3,7556,0,2230,LOOPY_scoring_duration_nonsocial,Nonsocial Duration,14273,#8673e2,14266
164,gogge_MaP_Stella4_2021-11-23 09-58-18,915.3,54918,915.9833333333333,54959.0,Stella4,Looking target,Duration looking transparent,,,,False,,0.8433742340709799,0.844003869957154,3,7556,0,2230,LOOPY_scoring_duration_nonsocial,Nonsocial Duration,14274,#4bc385,14266
165,gogge_MaP_Stella4_2021-11-23 09-58-18,916.3333333333334,54980,917.7,55062.0,Stella4,Looking target,Duration looking opaque,,,,False,,0.8443263663866578,0.8455856381590061,3,7556,0,2230,LOOPY_scoring_duration_nonsocial,Nonsocial Duration,14273,#8673e2,14266
166,gogge_MaP_Stella4_2021-11-23 09-58-18,919.0333333333333,55142,919.5666666666667,55174.0,Stella4,Looking target,Duration looking transparent,,,,False,,0.8468141959856873,0.8473056191163598,3,7556,0,2230,LOOPY_scoring_duration_nonsocial,Nonsocial Duration,14274,#4bc385,14266
167,gogge_MaP_Stella4_2021-11-23 09-58-18,920.0,55200,920.4833333333333,55229.0,Stella4,Looking target,Duration looking opaque,,,,False,,0.8477049004100312,0.8481502526222031,3,7556,0,2230,LOOPY_scoring_duration_nonsocial,Nonsocial Duration,14273,#8673e2,14266
168,gogge_MaP_Stella4_2021-11-23 09-58-18,923.2166666666667,55393,924.9666666666667,55498.0,Stella4,Looking target,Duration looking opaque,,,,False,,0.8506687961668996,0.8522812783144187,3,7556,0,2230,LOOPY_scoring_duration_nonsocial,Nonsocial Duration,14273,#8673e2,14266
169,gogge_MaP_Stella4_2021-11-23 09-58-18,927.5333333333333,55652,,,Stella4,First target choice,First choice transparent,,,,True,,0.8546462521307799,0.8546462521307799,3,7556,0,2230,LOOPY_scoring_event_nonsocial,Nonsocial Event,14283,#7cf49a,14269
170,gogge_MaP_Stella4_2021-11-23 09-58-18,936.2166666666667,56173,,,Stella4,Inspection behind screen,Inspection behind transparent,,,,True,,0.8626472349770413,0.8626472349770413,3,7556,0,2230,LOOPY_scoring_event_nonsocial,Nonsocial Event,14280,#4bc385,14268
171,gogge_MaP_Stella4_2021-11-23 09-58-18,1012.3,60738,1060.2833333333333,63617.0,Stella4,Trial,4,,,,False,,0.9327518159620376,0.9769645407497274,3,7556,0,2230,LOOPY_scoring_duration_nonsocial,Nonsocial Duration,14291,#57ea8b,14271
172,gogge_MaP_Stella4_2021-11-23 09-58-18,1021.0333333333333,61262,1022.4833333333333,61349.0,Stella4,Looking target,Duration looking transparent,,,,False,,0.9407988697267995,0.9421349263633153,3,7556,0,2230,LOOPY_scoring_duration_nonsocial,Nonsocial Duration,14274,#4bc385,14266
173,gogge_MaP_Stella4_2021-11-23 09-58-18,1021.0666666666667,61264,,,Stella4,First look,First look transparent,,,,True,,0.9408295836724665,0.9408295836724665,3,7556,0,2230,LOOPY_scoring_event_nonsocial,Nonsocial Event,14277,#4bc385,14267
174,gogge_MaP_Stella4_2021-11-23 09-58-18,1023.7833333333333,61427,1025.4833333333333,61529.0,Stella4,Looking target,Duration looking opaque,,,,False,,0.9433327702443295,0.944899181473348,3,7556,0,2230,LOOPY_scoring_duration_nonsocial,Nonsocial Duration,14273,#8673e2,14266
175,gogge_MaP_Stella4_2021-11-23 09-58-18,1026.9666666666667,61618,1027.2666666666667,61636.0,Stella4,Looking target,Duration looking transparent,,,,False,,0.9462659520555308,0.946542377566534,3,7556,0,2230,LOOPY_scoring_duration_nonsocial,Nonsocial Duration,14274,#4bc385,14266
176,gogge_MaP_Stella4_2021-11-23 09-58-18,1028.3666666666666,61702,,,Stella4,First target choice,First choice transparent,,,,True,,0.9475559377735461,0.9475559377735461,3,7556,0,2230,LOOPY_scoring_event_nonsocial,Nonsocial Event,14283,#7cf49a,14269
177,goggle_MaP_Thaya_2021-11-19 16-10-27,488.85,29331,499.28333333333336,29957.0,Thaya,Manipulation check,Manipulation check transparent,,,,False,,0.47322566592988174,0.48332553524467176,3,7557,0,2231,LOOPY_scoring_duration_nonsocial,Nonsocial Duration,14286,#7cf4a6,14270
178,goggle_MaP_Thaya_2021-11-19 16-10-27,632.0,37920,676.6833333333333,40601.0,Thaya,Trial,1,,,,False,,0.6118003904422323,0.6550555815491844,3,7557,0,2231,LOOPY_scoring_duration_nonsocial,Nonsocial Duration,14288,#57ea8b,14271
179,goggle_MaP_Thaya_2021-11-19 16-10-27,647.6333333333333,38858,,,Thaya,First look,First look opaque,,,,True,,0.6269340604378761,0.6269340604378761,3,7557,0,2231,LOOPY_scoring_event_nonsocial,Nonsocial Event,14276,#f4f07c,14267
180,goggle_MaP_Thaya_2021-11-19 16-10-27,647.6333333333333,38858,647.9,38874.0,Thaya,Looking target,Duration looking opaque,,,,False,,0.6269340604378761,0.6271922040625353,3,7557,0,2231,LOOPY_scoring_duration_nonsocial,Nonsocial Duration,14273,#8673e2,14266
181,goggle_MaP_Thaya_2021-11-19 16-10-27,648.7833333333333,38927,,,Thaya,First target choice,First choice opaque,,,,True,,0.6280473048192188,0.6280473048192188,3,7557,0,2231,LOOPY_scoring_event_nonsocial,Nonsocial Event,14282,#e6802d,14269
182,goggle_MaP_Thaya_2021-11-19 16-10-27,662.85,39771,,,Thaya,Inspection behind screen,Inspection behind opaque,,,,True,,0.64166438101999,0.64166438101999,3,7557,0,2231,LOOPY_scoring_event_nonsocial,Nonsocial Event,14279,#8673e2,14268
183,goggle_MaP_Thaya_2021-11-19 16-10-27,669.9333333333333,40196,,,Thaya,Inspection behind screen,Inspection behind transparent,,,,True,,0.6485213210499992,0.6485213210499992,3,7557,0,2231,LOOPY_scoring_event_nonsocial,Nonsocial Event,14280,#4bc385,14268
184,goggle_MaP_Thaya_2021-11-19 16-10-27,732.0666666666667,43924,777.6,46656.0,Thaya,Trial,2,,,,False,,0.7086687855955858,0.7527468095061389,3,7557,0,2231,LOOPY_scoring_duration_nonsocial,Nonsocial Duration,14289,#57ea8b,14271
185,goggle_MaP_Thaya_2021-11-19 16-10-27,734.15,44049,734.7833333333333,44087.0,Thaya,Looking target,Duration looking transparent,,,,False,,0.7106855326632355,0.7112986237718011,3,7557,0,2231,LOOPY_scoring_duration_nonsocial,Nonsocial Duration,14274,#4bc385,14266
186,goggle_MaP_Thaya_2021-11-19 16-10-27,734.2,44052,,,Thaya,First look,First look transparent,,,,True,,0.710733934592859,0.710733934592859,3,7557,0,2231,LOOPY_scoring_event_nonsocial,Nonsocial Event,14277,#4bc385,14267
187,goggle_MaP_Thaya_2021-11-19 16-10-27,742.65,44559,745.9166666666666,44755.0,Thaya,Looking target,Duration looking opaque,,,,False,,0.7189138606992466,0.7220761201013214,3,7557,0,2231,LOOPY_scoring_duration_nonsocial,Nonsocial Duration,14273,#8673e2,14266
188,goggle_MaP_Thaya_2021-11-19 16-10-27,747.05,44823,747.3333333333334,44840.0,Thaya,Looking target,Duration looking transparent,,,,False,,0.7231732305061228,0.7234475081073232,3,7557,0,2231,LOOPY_scoring_duration_nonsocial,Nonsocial Duration,14274,#4bc385,14266
189,goggle_MaP_Thaya_2021-11-19 16-10-27,748.2166666666667,44893,,,Thaya,First target choice,First choice transparent,,,,True,,0.7243026088640067,0.7243026088640067,3,7557,0,2231,LOOPY_scoring_event_nonsocial,Nonsocial Event,14283,#7cf49a,14269
190,goggle_MaP_Thaya_2021-11-19 16-10-27,754.3333333333334,45260,,,Thaya,Inspection behind screen,Inspection behind transparent,,,,True,,0.7302237782546264,0.7302237782546264,3,7557,0,2231,LOOPY_scoring_event_nonsocial,Nonsocial Event,14280,#4bc385,14268
191,goggle_MaP_Thaya_2021-11-19 16-10-27,837.1833333333333,50231,881.85,52911.0,Thaya,Trial,3,,,,False,,0.8104257756409222,0.8536648327713332,3,7557,0,2231,LOOPY_scoring_duration_nonsocial,Nonsocial Duration,14290,#57ea8b,14271
192,goggle_MaP_Thaya_2021-11-19 16-10-27,847.9,50874,,,Thaya,First look,First look transparent,,,,True,,0.8207999225569126,0.8207999225569126,3,7557,0,2231,LOOPY_scoring_event_nonsocial,Nonsocial Event,14277,#4bc385,14267
193,goggle_MaP_Thaya_2021-11-19 16-10-27,847.9333333333333,50876,852.85,51171.0,Thaya,Looking target,Duration looking transparent,,,,False,,0.820832190509995,0.8255917135896484,3,7557,0,2231,LOOPY_scoring_duration_nonsocial,Nonsocial Duration,14274,#4bc385,14266
194,goggle_MaP_Thaya_2021-11-19 16-10-27,853.7833333333333,51227,,,Thaya,First target choice,First choice transparent,,,,True,,0.8264952162759556,0.8264952162759556,3,7557,0,2231,LOOPY_scoring_event_nonsocial,Nonsocial Event,14283,#7cf49a,14269
195,goggle_MaP_Thaya_2021-11-19 16-10-27,938.2666666666667,56296,985.1166666666667,59107.0,Thaya,Trial,4,,,,False,,0.9082783433632887,0.9536309514205966,3,7557,0,2231,LOOPY_scoring_duration_nonsocial,Nonsocial Duration,14291,#57ea8b,14271
196,goggle_MaP_Thaya_2021-11-19 16-10-27,945.3666666666667,56722,946.2,56772.0,Thaya,Looking target,Duration looking transparent,,,,False,,0.9151514173698392,0.915958116196899,3,7557,0,2231,LOOPY_scoring_duration_nonsocial,Nonsocial Duration,14274,#4bc385,14266
197,goggle_MaP_Thaya_2021-11-19 16-10-27,945.45,56727,,,Thaya,First look,First look transparent,,,,True,,0.9152320872525451,0.9152320872525451,3,7557,0,2231,LOOPY_scoring_event_nonsocial,Nonsocial Event,14277,#4bc385,14267
198,goggle_MaP_Thaya_2021-11-19 16-10-27,946.55,56793,952.2166666666667,57133.0,Thaya,Looking target,Duration looking opaque,,,,False,,0.9162969297042642,0.9217824817282716,3,7557,0,2231,LOOPY_scoring_duration_nonsocial,Nonsocial Duration,14273,#8673e2,14266
199,goggle_MaP_Thaya_2021-11-19 16-10-27,953.45,57207,953.7166666666667,57223.0,Thaya,Looking target,Duration looking transparent,,,,False,,0.9229763959923202,0.9232345396169794,3,7557,0,2231,LOOPY_scoring_duration_nonsocial,Nonsocial Duration,14274,#4bc385,14266
200,goggle_MaP_Thaya_2021-11-19 16-10-27,954.6666666666666,57280,,,Thaya,First target choice,First choice transparent,,,,True,,0.9241541762798277,0.9241541762798277,3,7557,0,2231,LOOPY_scoring_event_nonsocial,Nonsocial Event,14283,#7cf49a,14269
201,goggle_MaP_Thaya_2021-11-19 16-10-27,982.4333333333333,58946,,,Thaya,Inspection behind screen,Inspection behind opaque,,,,True,,0.9510333811974637,0.9510333811974637,3,7557,0,2231,LOOPY_scoring_event_nonsocial,Nonsocial Event,14279,#8673e2,14268
202,goggle_MaP_Riu_2021-11-18 16-06-53,571.9666666666667,34318,593.65,35619.0,Riu,Manipulation check,Manipulation check transparent,,,,False,,0.4409976997905396,0.4577159819581336,3,7558,0,2232,LOOPY_scoring_duration_nonsocial,Nonsocial Duration,14286,#7cf4a6,14270
203,goggle_MaP_Riu_2021-11-18 16-06-53,595.4666666666667,35728,642.55,38553.0,Riu,Manipulation check,Manipulation check transparent,,,,False,,0.4591166681658721,0.4954188565774425,3,7558,0,2232,LOOPY_scoring_duration_nonsocial,Nonsocial Duration,14286,#7cf4a6,14270
204,goggle_MaP_Riu_2021-11-18 16-06-53,850.6166666666667,51037,895.45,53727.0,Riu,Trial,1,,,,False,,0.6558424035261311,0.6904097970932549,3,7558,0,2232,LOOPY_scoring_duration_nonsocial,Nonsocial Duration,14288,#57ea8b,14271
205,goggle_MaP_Riu_2021-11-18 16-06-53,857.0,51420,,,Riu,First look,First look opaque,,,,True,,0.6607640807514874,0.6607640807514874,3,7558,0,2232,LOOPY_scoring_event_nonsocial,Nonsocial Event,14276,#f4f07c,14267
206,goggle_MaP_Riu_2021-11-18 16-06-53,857.0333333333333,51422,858.1333333333333,51488.0,Riu,Looking target,Duration looking opaque,,,,False,,0.6607897814158497,0.6616379033398013,3,7558,0,2232,LOOPY_scoring_duration_nonsocial,Nonsocial Duration,14273,#8673e2,14266
207,goggle_MaP_Riu_2021-11-18 16-06-53,866.3666666666667,51982,866.5666666666667,51994.0,Riu,Looking target,Duration looking opaque,,,,False,,0.6679859674372582,0.6681401714234313,3,7558,0,2232,LOOPY_scoring_duration_nonsocial,Nonsocial Duration,14273,#8673e2,14266
208,goggle_MaP_Riu_2021-11-18 16-06-53,867.5833333333334,52055,,,Riu,First target choice,First choice opaque,,,,True,,0.6689240416864776,0.6689240416864776,3,7558,0,2232,LOOPY_scoring_event_nonsocial,Nonsocial Event,14282,#e6802d,14269
209,goggle_MaP_Riu_2021-11-18 16-06-53,871.4666666666667,52288,,,Riu,Inspection behind screen,Inspection behind transparent,,,,True,,0.6719181690846708,0.6719181690846708,3,7558,0,2232,LOOPY_scoring_event_nonsocial,Nonsocial Event,14280,#4bc385,14268
210,goggle_MaP_Riu_2021-11-18 16-06-53,971.8833333333333,58313,1016.7166666666667,61003.0,Riu,Trial,2,,,,False,,0.7493414204757193,0.783908814042843,3,7558,0,2232,LOOPY_scoring_duration_nonsocial,Nonsocial Duration,14289,#57ea8b,14271
211,goggle_MaP_Riu_2021-11-18 16-06-53,989.3,59358,,,Riu,First target choice,First choice opaque,,,,True,,0.7627700176049551,0.7627700176049551,3,7558,0,2232,LOOPY_scoring_event_nonsocial,Nonsocial Event,14282,#e6802d,14269
212,goggle_MaP_Riu_2021-11-18 16-06-53,1001.6666666666666,60100,,,Riu,Inspection behind screen,Inspection behind opaque,,,,True,,0.7723049640833215,0.7723049640833215,3,7558,0,2232,LOOPY_scoring_event_nonsocial,Nonsocial Event,14279,#8673e2,14268
213,goggle_MaP_Riu_2021-11-18 16-06-53,1089.35,65361,1136.8666666666666,68212.0,Riu,Trial,3,,,,False,,0.8399105616880196,0.8765468587362983,3,7558,0,2232,LOOPY_scoring_duration_nonsocial,Nonsocial Duration,14290,#57ea8b,14271
214,goggle_MaP_Riu_2021-11-18 16-06-53,1109.8666666666666,66592,,,Riu,Inspection behind screen,Inspection behind opaque,,,,True,,0.8557293206029376,0.8557293206029376,3,7558,0,2232,LOOPY_scoring_event_nonsocial,Nonsocial Event,14279,#8673e2,14268
215,goggle_MaP_Riu_2021-11-18 16-06-53,1214.2,72852,1261.9833333333333,75719.0,Riu,Trial,4,,,,False,,0.9361724000565415,0.9730143024197175,3,7558,0,2232,LOOPY_scoring_duration_nonsocial,Nonsocial Duration,14291,#57ea8b,14271
216,goggle_MaP_Riu_2021-11-18 16-06-53,1219.6666666666667,73180,1220.65,73239.0,Riu,Looking target,Duration looking opaque,,,,False,,0.940387309011938,0.941145478610622,3,7558,0,2232,LOOPY_scoring_duration_nonsocial,Nonsocial Duration,14273,#8673e2,14266
217,goggle_MaP_Riu_2021-11-18 16-06-53,1219.9,73194,,,Riu,First look,First look opaque,,,,True,,0.9405672136624732,0.9405672136624732,3,7558,0,2232,LOOPY_scoring_event_nonsocial,Nonsocial Event,14276,#f4f07c,14267
218,goggle_MaP_Riu_2021-11-18 16-06-53,1224.4,73464,1227.2333333333333,73634.0,Riu,Looking target,Duration looking opaque,,,,False,,0.9440368033513666,0.9462213598221514,3,7558,0,2232,LOOPY_scoring_duration_nonsocial,Nonsocial Duration,14273,#8673e2,14266
219,goggle_MaP_Riu_2021-11-18 16-06-53,1229.6166666666666,73777,1229.7833333333333,73787.0,Riu,Looking target,Duration looking opaque,,,,False,,0.9480589573240469,0.9481874606458577,3,7558,0,2232,LOOPY_scoring_duration_nonsocial,Nonsocial Duration,14273,#8673e2,14266
220,goggle_MaP_Riu_2021-11-18 16-06-53,1230.6166666666666,73837,,,Riu,First target choice,First choice opaque,,,,True,,0.948829977254912,0.948829977254912,3,7558,0,2232,LOOPY_scoring_event_nonsocial,Nonsocial Event,14282,#e6802d,14269
221,goggle_MaP_Ronja7_2021-11-17 12-23-39,663.9666666666667,39838,667.0166666666667,40021.0,Ronja7,Manipulation check,Manipulation check opaque,,,,False,,0.4847828467819463,0.487009747252881,3,7559,0,2233,LOOPY_scoring_duration_nonsocial,Nonsocial Duration,14285,#f379e0,14270
222,goggle_MaP_Ronja7_2021-11-17 12-23-39,687.7,41262,689.2833333333333,41357.0,Ronja7,Manipulation check,Manipulation check opaque,,,,False,,0.5021112963481266,0.5032673375762075,3,7559,0,2233,LOOPY_scoring_duration_nonsocial,Nonsocial Duration,14285,#f379e0,14270
223,goggle_MaP_Ronja7_2021-11-17 12-23-39,691.4666666666667,41488,692.5166666666667,41551.0,Ronja7,Manipulation check,Manipulation check opaque,,,,False,,0.5048614575854558,0.5056280954524989,3,7559,0,2233,LOOPY_scoring_duration_nonsocial,Nonsocial Duration,14285,#f379e0,14270
224,goggle_MaP_Ronja7_2021-11-17 12-23-39,693.8333333333334,41630,715.3166666666667,42919.0,Ronja7,Manipulation check,Manipulation check transparent,,,,False,,0.5065894350000608,0.5222750891368632,3,7559,0,2233,LOOPY_scoring_duration_nonsocial,Nonsocial Duration,14286,#7cf4a6,14270
225,goggle_MaP_Ronja7_2021-11-17 12-23-39,913.5,54810,957.3666666666667,57442.0,Ronja7,Trial,1,,,,False,,0.6669749443274883,0.699003370772844,3,7559,0,2233,LOOPY_scoring_duration_nonsocial,Nonsocial Duration,14288,#57ea8b,14271
226,goggle_MaP_Ronja7_2021-11-17 12-23-39,930.8666666666667,55852,,,Ronja7,Inspection behind screen,Inspection behind transparent,,,,True,,0.6796548912712803,0.6796548912712803,3,7559,0,2233,LOOPY_scoring_event_nonsocial,Nonsocial Event,14280,#4bc385,14268
227,goggle_MaP_Ronja7_2021-11-17 12-23-39,945.1833333333333,56711,,,Ronja7,First target choice,First choice transparent,,,,True,,0.6901079377441377,0.6901079377441377,3,7559,0,2233,LOOPY_scoring_event_nonsocial,Nonsocial Event,14283,#7cf49a,14269
228,goggle_MaP_Ronja7_2021-11-17 12-23-39,949.95,56997,,,Ronja7,Inspection behind screen,Inspection behind opaque,,,,True,,0.6935882302834127,0.6935882302834127,3,7559,0,2233,LOOPY_scoring_event_nonsocial,Nonsocial Event,14279,#8673e2,14268
229,goggle_MaP_Ronja7_2021-11-17 12-23-39,1043.4833333333333,62609,1090.4833333333333,65429.0,Ronja7,Trial,2,,,,False,,0.7618798447254098,0.7961960159168624,3,7559,0,2233,LOOPY_scoring_duration_nonsocial,Nonsocial Duration,14289,#57ea8b,14271
230,goggle_MaP_Ronja7_2021-11-17 12-23-39,1063.0666666666666,63784,,,Ronja7,Inspection behind screen,Inspection behind opaque,,,,True,,0.776178249388515,0.776178249388515,3,7559,0,2233,LOOPY_scoring_event_nonsocial,Nonsocial Event,14279,#8673e2,14268
231,goggle_MaP_Ronja7_2021-11-17 12-23-39,1077.6666666666667,64660,,,Ronja7,Inspection behind screen,Inspection behind transparent,,,,True,,0.7868381663969237,0.7868381663969237,3,7559,0,2233,LOOPY_scoring_event_nonsocial,Nonsocial Event,14280,#4bc385,14268
232,goggle_MaP_Ronja7_2021-11-17 12-23-39,1086.65,65199,,,Ronja7,First target choice,First choice transparent,,,,True,,0.7933971792594035,0.7933971792594035,3,7559,0,2233,LOOPY_scoring_event_nonsocial,Nonsocial Event,14283,#7cf49a,14269
233,goggle_MaP_Ronja7_2021-11-17 12-23-39,1192.6666666666667,71560,1238.0166666666667,74281.0,Ronja7,Trial,3,,,,False,,0.8708032661206907,0.9039147206639327,3,7559,0,2233,LOOPY_scoring_duration_nonsocial,Nonsocial Duration,14290,#57ea8b,14271
234,goggle_MaP_Ronja7_2021-11-17 12-23-39,1200.0,72000,1205.8833333333334,72353.0,Ronja7,Looking target,Duration looking transparent,,,,False,,0.8761575623349599,0.8804531681614077,3,7559,0,2233,LOOPY_scoring_duration_nonsocial,Nonsocial Duration,14274,#4bc385,14266
235,goggle_MaP_Ronja7_2021-11-17 12-23-39,1200.1666666666667,72010,,,Ronja7,First look,First look transparent,,,,True,,0.8762792508852842,0.8762792508852842,3,7559,0,2233,LOOPY_scoring_event_nonsocial,Nonsocial Event,14277,#4bc385,14267
236,goggle_MaP_Ronja7_2021-11-17 12-23-39,1208.4666666666667,72508,1208.7333333333333,72524.0,Ronja7,Looking target,Duration looking transparent,,,,False,,0.8823393406914344,0.8825340423719532,3,7559,0,2233,LOOPY_scoring_duration_nonsocial,Nonsocial Duration,14274,#4bc385,14266
237,goggle_MaP_Ronja7_2021-11-17 12-23-39,1209.4333333333334,72566,,,Ronja7,First target choice,First choice transparent,,,,True,,0.8830451342833153,0.8830451342833153,3,7559,0,2233,LOOPY_scoring_event_nonsocial,Nonsocial Event,14283,#7cf49a,14269
238,goggle_MaP_Ronja7_2021-11-17 12-23-39,1222.1833333333334,73331,,,Ronja7,Inspection behind screen,Inspection behind opaque,,,,True,,0.8923543083831242,0.8923543083831242,3,7559,0,2233,LOOPY_scoring_event_nonsocial,Nonsocial Event,14279,#8673e2,14268
239,goggle_MaP_Ronja7_2021-11-17 12-23-39,1299.7166666666667,77983,1343.6833333333334,80621.0,Ronja7,Trial,4,,,,False,,0.9489638219939885,0.9810652615695389,3,7559,0,2233,LOOPY_scoring_duration_nonsocial,Nonsocial Duration,14291,#57ea8b,14271
240,goggle_MaP_Ronja7_2021-11-17 12-23-39,1305.2166666666667,78313,1308.3666666666666,78502.0,Ronja7,Looking target,Duration looking transparent,,,,False,,0.9529795441546904,0.9552794577558198,3,7559,0,2233,LOOPY_scoring_duration_nonsocial,Nonsocial Duration,14274,#4bc385,14266
241,goggle_MaP_Ronja7_2021-11-17 12-23-39,1305.4666666666667,78328,,,Ronja7,First look,First look transparent,,,,True,,0.953162076980177,0.953162076980177,3,7559,0,2233,LOOPY_scoring_event_nonsocial,Nonsocial Event,14277,#4bc385,14267
242,goggle_MaP_Ronja7_2021-11-17 12-23-39,1316.5166666666667,78991,,,Ronja7,First target choice,First choice transparent,,,,True,,0.961230027866678,0.961230027866678,3,7559,0,2233,LOOPY_scoring_event_nonsocial,Nonsocial Event,14283,#7cf49a,14269
243,goggle_MaP_Ronja7_2021-11-17 12-23-39,1324.0833333333333,79445,,,Ronja7,Inspection behind screen,Inspection behind opaque,,,,True,,0.9667546880514012,0.9667546880514012,3,7559,0,2233,LOOPY_scoring_event_nonsocial,Nonsocial Event,14279,#8673e2,14268
244,goggle_MaP_Tenya_2021-11-16 11-02-45,1051.8833333333334,63113,1099.9833333333333,65999.0,Tenya,Manipulation check,Manipulation check transparent,,,,False,,0.6091518029495792,0.6370067948420971,3,7597,0,2252,LOOPY_scoring_duration_nonsocial,Nonsocial Duration,14286,#7cf4a6,14270
245,goggle_MaP_Tenya_2021-11-16 11-02-45,1101.1666666666667,66070,1145.1833333333334,68711.0,Tenya,Manipulation check,Manipulation check transparent,,,,False,,0.6376920701104162,0.6631823797390163,3,7597,0,2252,LOOPY_scoring_duration_nonsocial,Nonsocial Duration,14286,#7cf4a6,14270
246,goggle_MaP_Tenya_2021-11-16 11-02-45,1259.0666666666666,75544,1314.6833333333334,78881.0,Tenya,Trial,1,,,,False,,0.7291328854914678,0.7613408231024631,3,7597,0,2252,LOOPY_scoring_duration_nonsocial,Nonsocial Duration,14288,#57ea8b,14271
247,goggle_MaP_Tenya_2021-11-16 11-02-45,1268.3,76098,1269.9833333333333,76199.0,Tenya,Looking target,Duration looking opaque,,,,False,,0.734479962937225,0.7354547911358196,3,7597,0,2252,LOOPY_scoring_duration_nonsocial,Nonsocial Duration,14273,#8673e2,14266
248,goggle_MaP_Tenya_2021-11-16 11-02-45,1268.6,76116,,,Tenya,First look,First look opaque,,,,True,,0.7346536946953903,0.7346536946953903,3,7597,0,2252,LOOPY_scoring_event_nonsocial,Nonsocial Event,14276,#f4f07c,14267
249,goggle_MaP_Tenya_2021-11-16 11-02-45,1284.9833333333333,77099,,,Tenya,First target choice,First choice opaque,,,,True,,0.7441413790440893,0.7441413790440893,3,7597,0,2252,LOOPY_scoring_event_nonsocial,Nonsocial Event,14282,#e6802d,14269
250,goggle_MaP_Tenya_2021-11-16 11-02-45,1294.7833333333333,77687,,,Tenya,Inspection behind screen,Inspection behind opaque,,,,True,,0.7498166164774921,0.7498166164774921,3,7597,0,2252,LOOPY_scoring_event_nonsocial,Nonsocial Event,14279,#8673e2,14268
251,goggle_MaP_Tenya_2021-11-16 11-02-45,1404.3833333333334,84263,1456.1666666666667,87370.0,Tenya,Trial,2,,,,False,,0.8132866187939155,0.8432746506061308,3,7597,0,2252,LOOPY_scoring_duration_nonsocial,Nonsocial Duration,14289,#57ea8b,14271
252,goggle_MaP_Tenya_2021-11-16 11-02-45,1406.5666666666666,84394,1408.0666666666666,84484.0,Tenya,Looking target,Duration looking opaque,,,,False,,0.8145509999227859,0.8154196587136129,3,7597,0,2252,LOOPY_scoring_duration_nonsocial,Nonsocial Duration,14273,#8673e2,14266
253,goggle_MaP_Tenya_2021-11-16 11-02-45,1406.9166666666667,84415,,,Tenya,First look,First look opaque,,,,True,,0.8147536869739789,0.8147536869739789,3,7597,0,2252,LOOPY_scoring_event_nonsocial,Nonsocial Event,14276,#f4f07c,14267
254,goggle_MaP_Tenya_2021-11-16 11-02-45,1424.0,85440,1424.25,85455.0,Tenya,Looking target,Duration looking opaque,,,,False,,0.8246467454250637,0.8247915218902016,3,7597,0,2252,LOOPY_scoring_duration_nonsocial,Nonsocial Duration,14273,#8673e2,14266
255,goggle_MaP_Tenya_2021-11-16 11-02-45,1425.3333333333333,85520,,,Tenya,First target choice,First choice opaque,,,,True,,0.8254188865724654,0.8254188865724654,3,7597,0,2252,LOOPY_scoring_event_nonsocial,Nonsocial Event,14282,#e6802d,14269
256,goggle_MaP_Tenya_2021-11-16 11-02-45,1436.1166666666666,86167,,,Tenya,Inspection behind screen,Inspection behind opaque,,,,True,,0.831663578102077,0.831663578102077,3,7597,0,2252,LOOPY_scoring_event_nonsocial,Nonsocial Event,14279,#8673e2,14268
257,goggle_MaP_Tenya_2021-11-16 11-02-45,1536.9166666666667,92215,1584.65,95079.0,Tenya,Trial,3,,,,False,,0.890037448845649,0.9176801019226315,3,7597,0,2252,LOOPY_scoring_duration_nonsocial,Nonsocial Duration,14290,#57ea8b,14271
258,goggle_MaP_Tenya_2021-11-16 11-02-45,1548.1833333333334,92891,1549.4833333333333,92969.0,Tenya,Looking target,Duration looking opaque,,,,False,,0.8965620415411937,0.8973148791599105,3,7597,0,2252,LOOPY_scoring_duration_nonsocial,Nonsocial Duration,14273,#8673e2,14266
259,goggle_MaP_Tenya_2021-11-16 11-02-45,1548.8166666666666,92929,,,Tenya,First look,First look opaque,,,,True,,0.8969288085862096,0.8969288085862096,3,7597,0,2252,LOOPY_scoring_event_nonsocial,Nonsocial Event,14276,#f4f07c,14267
260,goggle_MaP_Tenya_2021-11-16 11-02-45,1551.8166666666666,93109,1552.2166666666667,93133.0,Tenya,Looking target,Duration looking transparent,,,,False,,0.8986661261678635,0.898897768512084,3,7597,0,2252,LOOPY_scoring_duration_nonsocial,Nonsocial Duration,14274,#4bc385,14266
261,goggle_MaP_Tenya_2021-11-16 11-02-45,1553.15,93189,,,Tenya,First target choice,First choice transparent,,,,True,,0.8994382673152652,0.8994382673152652,3,7597,0,2252,LOOPY_scoring_event_nonsocial,Nonsocial Event,14283,#7cf49a,14269
262,goggle_MaP_Tenya_2021-11-16 11-02-45,1572.55,94353,,,Tenya,Inspection behind screen,Inspection behind opaque,,,,True,,0.9106729210099607,0.9106729210099607,3,7597,0,2252,LOOPY_scoring_event_nonsocial,Nonsocial Event,14279,#8673e2,14268
263,goggle_MaP_Tenya_2021-11-16 11-02-45,1651.55,99093,1700.75,102045.0,Tenya,Trial,4,,,,False,,0.956422283993514,0.9849142923326384,3,7597,0,2252,LOOPY_scoring_duration_nonsocial,Nonsocial Duration,14291,#57ea8b,14271
264,goggle_MaP_Tenya_2021-11-16 11-02-45,1657.2833333333333,99437,1658.9333333333334,99536.0,Tenya,Looking target,Duration looking opaque,,,,False,,0.9597424909273415,0.9606980155972512,3,7597,0,2252,LOOPY_scoring_duration_nonsocial,Nonsocial Duration,14273,#8673e2,14266
265,goggle_MaP_Tenya_2021-11-16 11-02-45,1657.3666666666666,99442,,,Tenya,First look,First look opaque,,,,True,,0.9597907497490541,0.9597907497490541,3,7597,0,2252,LOOPY_scoring_event_nonsocial,Nonsocial Event,14276,#f4f07c,14267
266,goggle_MaP_Tenya_2021-11-16 11-02-45,1667.55,100053,1667.75,100065.0,Tenya,Looking target,Duration looking opaque,,,,False,,0.965687977762335,0.9658037989344452,3,7597,0,2252,LOOPY_scoring_duration_nonsocial,Nonsocial Duration,14273,#8673e2,14266
267,goggle_MaP_Tenya_2021-11-16 11-02-45,1668.9,100134,,,Tenya,First target choice,First choice opaque,,,,True,,0.9664697706740792,0.9664697706740792,3,7597,0,2252,LOOPY_scoring_event_nonsocial,Nonsocial Event,14282,#e6802d,14269
268,goggle_MaP_Samira_2021-11-22 12-04-26,811.9,48714,826.2333333333333,49574.0,Samira,Manipulation check,Manipulation check transparent,,,,False,,0.50399875847085,0.5128963840463504,3,7598,0,2253,LOOPY_scoring_duration_nonsocial,Nonsocial Duration,14286,#7cf4a6,14270
269,goggle_MaP_Samira_2021-11-22 12-04-26,1028.8,61728,1074.8333333333333,64490.0,Samira,Trial,1,,,,False,,0.6386425947959237,0.667218457400031,3,7598,0,2253,LOOPY_scoring_duration_nonsocial,Nonsocial Duration,14288,#57ea8b,14271
270,goggle_MaP_Samira_2021-11-22 12-04-26,1032.1833333333334,61931,1034.5833333333333,62075.0,Samira,Looking target,Duration looking opaque,,,,False,,0.6407428482747918,0.6422326832548756,3,7598,0,2253,LOOPY_scoring_duration_nonsocial,Nonsocial Duration,14273,#8673e2,14266
271,goggle_MaP_Samira_2021-11-22 12-04-26,1032.25,61935,,,Samira,First look,First look opaque,,,,True,,0.6407842325797941,0.6407842325797941,3,7598,0,2253,LOOPY_scoring_event_nonsocial,Nonsocial Event,14276,#f4f07c,14267
272,goggle_MaP_Samira_2021-11-22 12-04-26,1040.6,62436,1041.8833333333334,62513.0,Samira,Looking target,Duration looking transparent,,,,False,,0.6459676167813356,0.6467642646526305,3,7598,0,2253,LOOPY_scoring_duration_nonsocial,Nonsocial Duration,14274,#4bc385,14266
273,goggle_MaP_Samira_2021-11-22 12-04-26,1044.2166666666667,62653,1044.45,62667.0,Samira,Looking target,Duration looking opaque,,,,False,,0.648212715327712,0.6483575603952201,3,7598,0,2253,LOOPY_scoring_duration_nonsocial,Nonsocial Duration,14273,#8673e2,14266
274,goggle_MaP_Samira_2021-11-22 12-04-26,1045.3166666666666,62719,,,Samira,First target choice,First choice opaque,,,,True,,0.6488955563602504,0.6488955563602504,3,7598,0,2253,LOOPY_scoring_event_nonsocial,Nonsocial Event,14282,#e6802d,14269
275,goggle_MaP_Samira_2021-11-22 12-04-26,1053.1166666666666,63187,,,Samira,Inspection behind screen,Inspection behind transparent,,,,True,,0.6537375200455228,0.6537375200455228,3,7598,0,2253,LOOPY_scoring_event_nonsocial,Nonsocial Event,14280,#4bc385,14268
276,goggle_MaP_Samira_2021-11-22 12-04-26,1150.4,69024,1198.2666666666667,71896.0,Samira,Trial,2,,,,False,,0.7141275671201697,0.7438414981118411,3,7598,0,2253,LOOPY_scoring_duration_nonsocial,Nonsocial Duration,14289,#57ea8b,14271
277,goggle_MaP_Samira_2021-11-22 12-04-26,1155.9833333333333,69359,1157.3833333333334,69443.0,Samira,Looking target,Duration looking opaque,,,,False,,0.7175935026641146,0.7184625730691635,3,7598,0,2253,LOOPY_scoring_duration_nonsocial,Nonsocial Duration,14273,#8673e2,14266
278,goggle_MaP_Samira_2021-11-22 12-04-26,1156.1333333333334,69368,,,Samira,First look,First look opaque,,,,True,,0.7176866173503699,0.7176866173503699,3,7598,0,2253,LOOPY_scoring_event_nonsocial,Nonsocial Event,14276,#f4f07c,14267
279,goggle_MaP_Samira_2021-11-22 12-04-26,1165.6666666666667,69940,1165.9,69954.0,Samira,Looking target,Duration looking opaque,,,,False,,0.7236045729657028,0.7237494180332109,3,7598,0,2253,LOOPY_scoring_duration_nonsocial,Nonsocial Duration,14273,#8673e2,14266
280,goggle_MaP_Samira_2021-11-22 12-04-26,1166.9,70014,,,Samira,First target choice,First choice opaque,,,,True,,0.7243701826082458,0.7243701826082458,3,7598,0,2253,LOOPY_scoring_event_nonsocial,Nonsocial Event,14282,#e6802d,14269
281,goggle_MaP_Samira_2021-11-22 12-04-26,1276.2833333333333,76577,1322.75,79365.0,Samira,Trial,3,,,,False,,0.7922714810408152,0.8211163416274377,3,7598,0,2253,LOOPY_scoring_duration_nonsocial,Nonsocial Duration,14290,#57ea8b,14271
282,goggle_MaP_Samira_2021-11-22 12-04-26,1282.5333333333333,76952,1283.2666666666667,76996.0,Samira,Looking target,Duration looking transparent,,,,False,,0.7961512596347835,0.7966064869898091,3,7598,0,2253,LOOPY_scoring_duration_nonsocial,Nonsocial Duration,14274,#4bc385,14266
283,goggle_MaP_Samira_2021-11-22 12-04-26,1282.5833333333333,76955,,,Samira,First look,First look transparent,,,,True,,0.7961822978635352,0.7961822978635352,3,7598,0,2253,LOOPY_scoring_event_nonsocial,Nonsocial Event,14277,#4bc385,14267
284,goggle_MaP_Samira_2021-11-22 12-04-26,1289.5166666666667,77371,1290.3666666666666,77422.0,Samira,Looking target,Duration looking transparent,,,,False,,0.8004862655837773,0.8010139154725571,3,7598,0,2253,LOOPY_scoring_duration_nonsocial,Nonsocial Duration,14274,#4bc385,14266
285,goggle_MaP_Samira_2021-11-22 12-04-26,1292.8,77568,,,Samira,First target choice,First choice opaque,,,,True,,0.802524442605142,0.802524442605142,3,7598,0,2253,LOOPY_scoring_event_nonsocial,Nonsocial Event,14282,#e6802d,14269
286,goggle_MaP_Samira_2021-11-22 12-04-26,1307.5,78450,,,Samira,Inspection behind screen,Inspection behind transparent,,,,True,,0.8116496818581553,0.8116496818581553,3,7598,0,2253,LOOPY_scoring_event_nonsocial,Nonsocial Event,14280,#4bc385,14268
287,goggle_MaP_Samira_2021-11-22 12-04-26,1465.4,87924,1510.3,90618.0,Samira,Trial,4,,,,False,,0.9096684082561689,0.9375407376752367,3,7598,0,2253,LOOPY_scoring_duration_nonsocial,Nonsocial Duration,14291,#57ea8b,14271
288,goggle_MaP_Samira_2021-11-22 12-04-26,1471.85,88311,1472.6166666666666,88357.0,Samira,Looking target,Duration looking transparent,,,,False,,0.9136723397651441,0.9141482592726708,3,7598,0,2253,LOOPY_scoring_duration_nonsocial,Nonsocial Duration,14274,#4bc385,14266
289,goggle_MaP_Samira_2021-11-22 12-04-26,1472.4,88344,,,Samira,First look,First look transparent,,,,True,,0.9140137602814132,0.9140137602814132,3,7598,0,2253,LOOPY_scoring_event_nonsocial,Nonsocial Event,14277,#4bc385,14267
290,goggle_MaP_Samira_2021-11-22 12-04-26,1479.8,88788,,,Samira,First target choice,First choice opaque,,,,True,,0.9186074181366717,0.9186074181366717,3,7598,0,2253,LOOPY_scoring_event_nonsocial,Nonsocial Event,14282,#e6802d,14269
